<?xml version="1.0" encoding="UTF-8"?>
<!DOCTYPE hibernate-configuration PUBLIC
		"-//Hibernate/Hibernate Configuration DTD 3.0//EN"
		"http://www.hibernate.org/dtd/hibernate-configuration-3.0.dtd">
<hibernate-configuration>
    <session-factory>
        <property name="hibernate.connection.driver_class">com.mysql.jdbc.Driver</property>
        <property name="hibernate.connection.password">admin</property>
        <property name="hibernate.connection.url">jdbc:mysql://localhost:3306/&lt;database&gt;DBBanco</property>
        <property name="hibernate.connection.username">root</property>
        <property name="hibernate.dialect">org.hibernate.dialect.MySQLDialect</property>
        	<property name="hbm2ddl.auto">create</property>
		<property name="show_sql">true</property>
		<mapping class="entidad.Cliente" />
		<mapping class="entidad.Cuenta" />
		<mapping class="entidad.Transaccion" />
		<mapping class="entidad.TipoCuenta" />
		<mapping class="entidad.Usuario" />
		<mapping class="entidad.Usuario" />
		<mapping class="entidad.Provincia" />
    </session-factory>
</hibernate-configuration>
